{
    "15m": 0.4499999999999998,
    "30m": 0.3099999999999999,
    "60m": 0.4449999999999998,
    "lstm_15m": 0.32999999999999985,
    "lstm_30m": 0.31999999999999984,
    "lstm_60m": 0.35499999999999987
}